Avg_payoff,Avg_goal_satisfaction,Avg_privacy_loss,resolution,source
0.74103,0.8527,0.747417,63.51391,Exanna
0.771008,0.869088,0.746751,62.352801,Exanna
0.745202,0.869,0.742713,62.194214,Exanna
0.659372,0.910569,0.751959,57.118178,Exanna
0.726234,0.873012,0.74638,61.539669,Exanna
0.636459,0.919065,0.749553,58.716291,Exanna
0.653554,0.925115,0.752572,59.073859,Exanna
0.728842,0.859493,0.749459,61.907274,Exanna
0.6938,0.883627,0.749347,59.261932,Exanna
0.638018,0.885878,0.749946,58.676243,Exanna