Avg_payoff,Avg_goal_satisfaction,Avg_privacy_loss,resolution,source
0.567557,0.90268,1.0,57.536247,Share-all
0.585939,0.896881,1.0,58.940578,Share-all
0.666429,0.889953,1.0,61.419959,Share-all
0.633717,0.902775,1.0,59.450813,Share-all
0.625427,0.924135,1.0,60.061554,Share-all
0.550736,0.897634,1.0,56.433558,Share-all
0.654052,0.887637,1.0,60.566846,Share-all
0.458734,0.898515,1.0,55.071148,Share-all
0.582531,0.901268,1.0,57.259681,Share-all
0.585297,0.903835,1.0,57.801098,Share-all