Step,Interactions,Payoff_Per_Interaction,Satisfaction_Per_Interaction,Avg_Payoff_in_Window,Avg_Satisfaction_in_Window,Expected_Actor_Payoff_for_health_agents,Expected_Actor_Payoff_for_freedom_agents,Avg_Expected_Actor_Payoff_for_health_agents_in_Window,Avg_Expected_Actor_Payoff_for_freedom_agents_in_Window,Expected_Observer_Payoff_for_health_agents,Expected_Observer_Payoff_for_freedom_agents,Avg_Expected_Observer_Payoff_for_health_agents_in_Window,Avg_Expected_Observer_Payoff_for_freedom_agents_in_Window,Satisfaction_for_health_agents,Satisfaction_for_freedom_agents,Avg_privacy_loss,Avg_privacy_loss_in_Window
15000.0,112.35186506216947,0.5771258599523884,0.9021034384893265,0.5730892779122926,0.9005263821636681,0.633082464418425,0.9571181165172884,0.6322340702030349,0.955714601968722,-0.05150610416108548,-0.38494049632658933,-0.05447976553849823,-0.387153777124789,0.8621291105366997,0.9413297723817522,1.0,0.9998373935481808
15000.0,112.33052435081221,0.585534875382138,0.9127924937801877,0.5812763795290276,0.9111455359230473,0.6346508460168587,0.9592191811644373,0.6338275054316184,0.957835764596399,-0.06567127466698384,-0.357635793605871,-0.06872712015820323,-0.3602500954458335,0.8831598473216686,0.9423702267975465,0.995858646511546,0.9949112254722212
15000.0,112.34267808926975,0.652789271381713,0.8897966767235527,0.648176281455666,0.8882432436488247,0.6291329538761614,0.9378413135565776,0.6282266483456195,0.9365053693618918,0.021288821380953452,-0.2833873450522961,0.017926124773893166,-0.2866119998989797,0.8652336641839398,0.9144613809718286,0.7317927449169151,0.7309866607160305

0.8621291105366997,0.9413297723817522,1.0,0.9998373935481808
0.8831598473216686,0.9423702267975465,0.995858646511546,0.9949112254722212
0.8652336641839398,0.9144613809718286,0.7317927449169151,0.7309866607160305